train_accuracy,train_loss,val_accuracy,val_loss,average_val_accuracy,average_val_loss,params
"0.9400479793548584, 0.9304556250572205, 0.940191388130188, 0.9066985845565796, 0.9186602830886841","0.4199974834918976, 0.37109968066215515, 0.29680660367012024, 0.731840968132019, 0.30538439750671387","0.9428571462631226, 0.9333333373069763, 0.942307710647583, 0.942307710647583, 0.942307710647583","0.19282139837741852, 0.22053618729114532, 0.20691929757595062, 0.24516449868679047, 0.1999637335538864",0.9406227231025696,0.21308102309703827,"{'optimizer': 'Adam', 'learning_rate': 0.01, 'callbacks': [<keras.callbacks.EarlyStopping object at 0x000001EE841C3F10>, <keras.callbacks.ReduceLROnPlateau object at 0x000001EE841C3EE0>], 'input_layer': 512, 'hidden_layers': [512, 256, 128], 'dropout': 0.1, 'loss': 'categorical_crossentropy'}"
"0.935251772403717, 0.9112709760665894, 0.9066985845565796, 0.9090909361839294, 0.9114832282066345","0.3111635148525238, 0.3174733519554138, 0.28923898935317993, 0.2873956561088562, 0.28750866651535034","0.9428571462631226, 0.9333333373069763, 0.942307710647583, 0.942307710647583, 0.942307710647583","0.18484584987163544, 0.3213875889778137, 0.27838385105133057, 0.20866931974887848, 0.2776734530925751",0.9406227231025696,0.25419201254844664,"{'optimizer': 'Adam', 'learning_rate': 0.01, 'callbacks': [<keras.callbacks.EarlyStopping object at 0x000001EE841C3F10>, <keras.callbacks.ReduceLROnPlateau object at 0x000001EE841C3EE0>], 'input_layer': 512, 'hidden_layers': [512, 256, 128], 'dropout': 0.1, 'loss': 'binary_crossentropy'}"
