train_accuracy,train_loss,val_accuracy,val_loss,average_val_accuracy,average_val_loss,params
"0.9221789836883545, 0.8988326787948608, 0.8914728760719299, 0.9186046719551086, 0.8488371968269348","0.17614813148975372, 0.24457280337810516, 0.22722528874874115, 0.21639510989189148, 0.6075338125228882","0.9076923131942749, 0.9076923131942749, 0.90625, 0.953125, 0.875","0.3762657642364502, 0.3161235451698303, 0.35768651962280273, 0.1924060732126236, 0.299063116312027",0.90995192527771,0.30830900371074677,"{'optimizer': 'Adam', 'learning_rate': 0.01, 'callbacks': [<keras.callbacks.EarlyStopping object at 0x000001F80E95C0D0>, <keras.callbacks.ReduceLROnPlateau object at 0x000001F80E95C0A0>], 'input_layer': 512, 'hidden_layers': [512, 256, 128], 'dropout': 0.1, 'loss': 'categorical_crossentropy'}"
"0.8949416279792786, 0.8988326787948608, 0.8798449635505676, 0.8914728760719299, 0.8643410801887512","0.2364179939031601, 0.17785713076591492, 0.23742301762104034, 0.27379098534584045, 0.486548513174057","0.9076923131942749, 0.892307698726654, 0.90625, 0.953125, 0.875","0.26087021827697754, 0.3651033639907837, 0.4010992646217346, 0.2063169777393341, 0.3746502101421356",0.9068750023841858,0.3216080069541931,"{'optimizer': 'Adam', 'learning_rate': 0.01, 'callbacks': [<keras.callbacks.EarlyStopping object at 0x000001F80E95C0D0>, <keras.callbacks.ReduceLROnPlateau object at 0x000001F80E95C0A0>], 'input_layer': 512, 'hidden_layers': [512, 256, 128], 'dropout': 0.1, 'loss': 'binary_crossentropy'}"
